{"train_time": 141.41355895996094, "test_auc": 0.8715102222222223, "test_time": 1.0350639820098877}