{"train_time": 300.5768082141876, "test_auc": 0.667713, "test_time": 2.2591216564178467}