{"train_time": 145.66579246520996, "test_auc": 0.8187801111111112, "test_time": 1.013288974761963}