{"train_time": 221.17629265785217, "test_auc": 0.6637905555555556, "test_time": 1.9113695621490479}