{"train_time": 371.4532434940338, "test_auc": 0.7158704679515107, "test_time": 2.036550760269165}