{"train_time": 189.50002694129944, "test_auc": 0.6661376666666667, "test_time": 1.285398244857788}