{"train_time": 278.61886644363403, "test_auc": 0.8318352203182374, "test_time": 1.8769969940185547}