{"train_time": 422.21469736099243, "test_auc": 0.8276599528729194, "test_time": 2.344256639480591}