{"train_time": 294.72259306907654, "test_auc": 0.6827650336424428, "test_time": 1.573789358139038}