{"train_time": 201.6807119846344, "test_auc": 0.6557002222222221, "test_time": 1.291764259338379}