{"train_time": 392.0530412197113, "test_auc": 0.8449791766072651, "test_time": 3.219386339187622}