{"train_time": 167.40570616722107, "test_auc": 0.7348013333333334, "test_time": 1.0385944843292236}