{"train_time": 187.72040271759033, "test_auc": 0.6629784444444444, "test_time": 1.263448715209961}