{"train_time": 158.8883810043335, "test_auc": 0.7860519444444445, "test_time": 1.0228652954101562}