{"train_time": 164.94255661964417, "test_auc": 0.7263495555555556, "test_time": 1.0118505954742432}