{"train_time": 175.7080626487732, "test_auc": 0.6637905555555556, "test_time": 1.305027723312378}