{"train_time": 186.52533316612244, "test_auc": 0.7047553333333333, "test_time": 1.068732500076294}