{"train_time": 214.9544394016266, "test_auc": 0.6631568888888889, "test_time": 1.2820689678192139}