{"train_time": 540.595165014267, "test_auc": 0.8243787450124127, "test_time": 3.4268314838409424}