{"train_time": 171.12118768692017, "test_auc": 0.6637905555555556, "test_time": 1.2741758823394775}