{"train_time": 244.97279715538025, "test_auc": 0.7625919289255856, "test_time": 1.5339229106903076}