{"train_time": 166.41012573242188, "test_auc": 0.7452144444444444, "test_time": 1.0296173095703125}