{"train_time": 110.20759797096252, "test_auc": 0.7106239389491664, "test_time": 0.7138726711273193}