{"train_time": 272.48144459724426, "test_auc": 0.7942836372563257, "test_time": 1.53193998336792}