{"train_time": 372.4794981479645, "test_auc": 0.7567540963909577, "test_time": 1.752312421798706}