{"train_time": 285.4439289569855, "test_auc": 0.6992198575123263, "test_time": 1.7722570896148682}