{"train_time": 344.5516107082367, "test_auc": 0.6610788333333333, "test_time": 2.258469343185425}