{"train_time": 150.7777922153473, "test_auc": 0.7932326666666667, "test_time": 1.0362837314605713}