{"train_time": 151.83543372154236, "test_auc": 0.7929112777777778, "test_time": 1.0351006984710693}