{"train_time": 346.8228278160095, "test_auc": 0.6624197777777777, "test_time": 2.278449773788452}