{"train_time": 180.9155147075653, "test_auc": 0.6604453333333333, "test_time": 1.3049321174621582}