{"train_time": 297.1940302848816, "test_auc": 0.8384030925633951, "test_time": 2.7172484397888184}