{"train_time": 176.66077208518982, "test_auc": 0.7905998888888889, "test_time": 1.0176262855529785}