{"train_time": 157.65620112419128, "test_auc": 0.7510362222222222, "test_time": 1.0249130725860596}