{"train_time": 392.79152965545654, "test_auc": 0.710189469967291, "test_time": 2.2130777835845947}