{"train_time": 160.9461109638214, "test_auc": 0.6732978888888889, "test_time": 1.2481498718261719}