{"train_time": 168.89926719665527, "test_auc": 0.7449871111111112, "test_time": 1.0424294471740723}