{"train_time": 150.3602569103241, "test_auc": 0.7738134444444443, "test_time": 1.0268652439117432}