{"train_time": 187.2709505558014, "test_auc": 0.6624699999999999, "test_time": 1.334822177886963}