{"train_time": 165.87658715248108, "test_auc": 0.7255026111111111, "test_time": 1.0251131057739258}