{"train_time": 456.11477065086365, "test_auc": 0.7911578052714561, "test_time": 3.531550884246826}