{"train_time": 313.9033019542694, "test_auc": 0.66181, "test_time": 2.2701947689056396}