{"train_time": 186.98470330238342, "test_auc": 0.6656569999999999, "test_time": 1.25164794921875}